timestamp,market,action,direction,price,fill_price,position_pnl,capital,open_positions_count
2026-03-31T02:40:59.719041+00:00,blues-vs.-sharks,entry,long,0.490000,0.493430,0.00,99500.00,1
2026-03-31T02:40:59.722479+00:00,wizards-vs.-lakers:-o/u-236.5,entry,long,0.140000,0.140980,0.00,99000.00,2
2026-03-31T02:40:59.722659+00:00,will-bank-of-america-or-any-of-its-underwriting-affiliates-s,entry,long,0.151000,0.152057,0.00,98500.00,3
2026-03-31T02:40:59.722772+00:00,canucks-vs.-golden-knights,entry,short,0.400000,0.397200,0.00,98000.00,4
2026-03-31T02:40:59.722865+00:00,pistons-vs.-thunder:-o/u-216.5,entry,long,0.170000,0.171190,0.00,97500.00,5
2026-03-31T02:40:59.722943+00:00,spread:-lakers-(-15.5),entry,long,0.270000,0.271890,0.00,97000.00,6
2026-03-31T02:40:59.723021+00:00,will-the-upper-bound-of-the-target-federal-funds-rate-be-3.7,entry,short,0.272000,0.270096,0.00,96500.00,7
2026-03-31T02:40:59.723104+00:00,will-gavin-newsom-announce-a-presidential-run-by-december-31,entry,long,0.130000,0.130910,0.00,96000.00,8
2026-03-31T02:40:59.723185+00:00,will-the-total-number-of-tsa-passengers-for-march-30-be-betw,entry,short,0.520000,0.516360,0.00,95500.00,9
2026-03-31T02:40:59.723253+00:00,pistons-vs.-thunder:-o/u-217.5,entry,long,0.120000,0.120840,0.00,95000.00,10
2026-03-31T02:40:59.723330+00:00,san-francisco-giants-vs.-san-diego-padres,entry,short,0.800000,0.794400,0.00,94500.00,11
2026-03-31T02:40:59.723412+00:00,detroit-tigers-vs.-arizona-diamondbacks,entry,long,0.230000,0.231610,0.00,94000.00,12
2026-03-31T02:40:59.723475+00:00,spread:-timberwolves-(-8.5),entry,short,0.900000,0.893700,0.00,93500.00,13
2026-03-31T02:40:59.723539+00:00,spread:-lakers-(-16.5),entry,long,0.300000,0.302100,0.00,93000.00,14
2026-03-31T02:42:59.965557+00:00,cleveland-guardians-vs.-los-angeles-dodgers,entry,short,0.510000,0.506430,0.00,92500.00,15
2026-03-31T02:44:59.545959+00:00,spread:-timberwolves-(-8.5),exit,short,0.990000,0.996930,-57.75,92942.25,15
2026-03-31T02:44:59.552331+00:00,spread:-cavaliers-(-17.5),entry,long,0.150000,0.151050,0.00,92442.25,15
2026-03-31T02:44:59.552520+00:00,trump-announces-end-of-military-operations-against-iran-by-a,entry,short,0.110000,0.109230,0.00,91942.25,16
2026-03-31T02:44:59.552620+00:00,spread:-cavaliers-(-16.5),entry,long,0.140000,0.140980,0.00,91442.25,17
2026-03-31T02:44:59.552715+00:00,will-stripe-acquire-any-part-of-paypal-in-2026?,entry,long,0.260000,0.261820,0.00,90942.25,18
2026-03-31T02:44:59.552807+00:00,blues-vs.-sharks,exit,long,0.330000,0.327690,-167.95,91274.30,18
2026-03-31T02:44:59.552981+00:00,pistons-vs.-thunder:-o/u-216.5,exit,long,0.120000,0.119160,-151.97,91622.33,17
2026-03-31T02:44:59.553141+00:00,spread:-lakers-(-15.5),exit,long,0.520000,0.516360,449.58,92571.91,16
2026-03-31T02:44:59.553293+00:00,pistons-vs.-thunder:-o/u-217.5,exit,long,0.090000,0.089370,-130.21,92941.69,15
2026-03-31T02:44:59.553449+00:00,san-francisco-giants-vs.-san-diego-padres,exit,short,0.830000,0.835810,-26.06,93415.63,14
2026-03-31T02:46:59.729179+00:00,over-$10m-committed-to-the-p2p-protocol-public-sale?,entry,short,0.180000,0.178740,0.00,92915.63,14
2026-03-31T02:46:59.729668+00:00,detroit-tigers-vs.-arizona-diamondbacks,exit,long,0.220000,0.218460,-28.39,93387.24,14
2026-03-31T02:46:59.730009+00:00,spread:-lakers-(-16.5),exit,long,0.510000,0.506430,338.18,94225.43,13
2026-03-31T02:48:59.872287+00:00,spread:-cavaliers-(-17.5),exit,long,0.150000,0.148950,-6.95,94718.47,12
2026-03-31T02:51:00.036221+00:00,spread:-golden-knights-(-1.5),entry,long,0.280000,0.281960,0.00,94218.47,12
2026-03-31T02:51:00.041715+00:00,canucks-vs.-golden-knights:-o/u-5.5,entry,long,0.490000,0.493430,0.00,93718.47,13
2026-03-31T02:51:00.041933+00:00,will-victor-wembanyama-win-the-2025–2026-nba-mvp?,entry,long,0.202000,0.203414,0.00,93218.47,14
2026-03-31T02:51:00.042026+00:00,will-a-u.s.-anti-cartel-operation-outside-of-the-united-stat,entry,short,0.300000,0.297900,0.00,92718.47,15
2026-03-31T02:51:00.042097+00:00,russia-military-action-against-kyiv-municipality-by-march-31,entry,short,0.160000,0.158880,0.00,92218.47,16
2026-03-31T02:51:00.042239+00:00,will-india’s-2026-annual-inflation-be-between-2.25%-and-2.99,entry,short,0.230000,0.228390,0.00,91718.47,17
2026-03-31T02:51:00.042306+00:00,will-silver-(si)-settle-at-<$75-in-march?,entry,short,0.800000,0.794400,0.00,91218.47,18
2026-03-31T02:51:00.042402+00:00,cleveland-guardians-vs.-los-angeles-dodgers,exit,short,0.320000,0.322240,181.85,91900.33,18
2026-03-31T02:51:00.043102+00:00,trump-announces-end-of-military-operations-against-iran-by-a,exit,short,0.110000,0.110770,-7.05,92393.28,17
2026-03-31T02:53:00.152654+00:00,spread:-los-angeles-dodgers-(-1.5),entry,short,0.450000,0.446850,0.00,91893.28,17
2026-03-31T02:53:00.156079+00:00,"will-""the-super-mario-galaxy-movie""-opening-weekend-box-offi",entry,short,0.300000,0.297900,0.00,91393.28,18
2026-03-31T02:53:00.156264+00:00,san-francisco-giants-vs.-san-diego-padres:-o/u-8.5,entry,long,0.250000,0.251750,0.00,90893.28,19
2026-03-31T02:53:00.156364+00:00,spread:-cavaliers-(-16.5),exit,long,0.040000,0.039720,-359.13,91034.15,19
2026-03-31T02:54:59.710824+00:00,cavaliers-vs.-jazz:-o/u-242.5,entry,short,0.630000,0.625590,0.00,90534.15,19
2026-03-31T02:54:59.713796+00:00,will-turnout-in-the-2025-honduran-general-election-be-less-t,entry,short,0.067000,0.066531,0.00,90034.15,20
2026-03-31T02:54:59.713961+00:00,"will-india-strike-pakistan-by-december-31,-2026?",entry,short,0.300000,0.297900,0.00,89534.15,21
2026-03-31T02:56:59.912092+00:00,"will-daylight-launch-a-token-by-september-30,-2026?",entry,short,0.390000,0.387270,0.00,89034.15,22
2026-03-31T02:56:59.912690+00:00,"will-gold-(gc)-settle-at-$4,200-$4,600-in-june?",entry,short,0.193000,0.191649,0.00,88534.15,23
2026-03-31T02:56:59.913374+00:00,russia-military-action-against-kyiv-municipality-by-march-31,exit,short,0.130000,0.130910,88.02,89122.17,23
2026-03-31T02:56:59.915450+00:00,spread:-los-angeles-dodgers-(-1.5),exit,short,0.290000,0.292030,173.23,89795.40,22
2026-03-31T02:59:00.754169+00:00,will-harvey-weinstein-be-sentenced-to-no-prison-time?,entry,long,0.143000,0.144001,0.00,89295.40,22
2026-03-31T02:59:00.754813+00:00,spread:-thunder-(-13.5),entry,short,0.440000,0.436920,0.00,88795.40,23
2026-03-31T02:59:00.755339+00:00,wizards-vs.-lakers:-o/u-236.5,exit,long,0.160000,0.158880,63.48,89358.89,23
2026-03-31T02:59:00.755754+00:00,will-the-upper-bound-of-the-target-federal-funds-rate-be-3.7,exit,short,0.233000,0.234631,65.65,89924.54,22
2026-03-31T02:59:00.755977+00:00,will-the-total-number-of-tsa-passengers-for-march-30-be-betw,exit,short,0.520000,0.523640,-7.05,90417.49,21
2026-03-31T03:00:59.612846+00:00,mezo-fdv-above-$50m-one-day-after-launch?,entry,short,0.500000,0.496500,0.00,89917.49,21
2026-03-31T03:00:59.616499+00:00,san-francisco-giants-vs.-san-diego-padres:-o/u-8.5,exit,long,0.220000,0.218460,-66.12,90351.37,21
2026-03-31T03:00:59.616970+00:00,will-turnout-in-the-2025-honduran-general-election-be-less-t,exit,short,0.067000,0.067469,-7.05,90844.33,20
2026-03-31T03:03:00.273950+00:00,spread:-thunder-(-12.5),entry,long,0.410000,0.412870,0.00,90344.33,20
2026-03-31T03:03:00.274987+00:00,spread:-thunder-(-11.5),entry,long,0.440000,0.443080,0.00,89844.33,21
2026-03-31T03:03:00.275113+00:00,spread:-thunder-(-14.5),entry,long,0.330000,0.332310,0.00,89344.33,22
2026-03-31T03:03:00.275213+00:00,will-the-10-year-treasury-yield-hit-4.8%-before-2027?,entry,short,0.480000,0.476640,0.00,88844.33,23
2026-03-31T03:03:00.275294+00:00,"will-the-price-of-ethereum-be-above-$2,100-on-march-31?",entry,long,0.300000,0.302100,0.00,88344.33,24
2026-03-31T03:03:00.275378+00:00,cavaliers-vs.-jazz:-o/u-242.5,exit,short,0.380000,0.382660,194.16,89038.49,24
2026-03-31T03:03:00.275780+00:00,spread:-thunder-(-13.5),exit,short,0.330000,0.332310,119.71,89658.20,23
2026-03-31T03:04:59.884758+00:00,cavaliers-vs.-jazz:-o/u-241.5,entry,short,0.270000,0.268110,0.00,89158.20,23
2026-03-31T03:04:59.888370+00:00,new-york-yankees-vs.-seattle-mariners,entry,long,0.210000,0.211470,0.00,88658.20,24
2026-03-31T03:04:59.888613+00:00,canucks-vs.-golden-knights:-o/u-6.5,entry,long,0.350000,0.352450,0.00,88158.20,25
2026-03-31T03:04:59.888836+00:00,will-victor-wembanyama-win-the-2025–2026-nba-mvp?,exit,long,0.236000,0.234348,76.04,88734.24,25
2026-03-31T03:04:59.889388+00:00,"will-india-strike-pakistan-by-december-31,-2026?",exit,short,0.330000,0.332310,-57.75,89176.48,24
2026-03-31T03:04:59.889676+00:00,will-harvey-weinstein-be-sentenced-to-no-prison-time?,exit,long,0.200000,0.198600,189.58,89866.06,23
2026-03-31T03:08:59.844643+00:00,us-x-iran-ceasefire-by-april-15?,entry,short,0.200000,0.198600,0.00,89366.06,23
2026-03-31T03:08:59.848210+00:00,over-$10m-committed-to-the-p2p-protocol-public-sale?,exit,short,0.200000,0.201400,-63.39,89802.67,23
2026-03-31T03:08:59.848823+00:00,cavaliers-vs.-jazz:-o/u-241.5,exit,short,0.300000,0.302100,-63.39,90239.28,22
2026-03-31T03:10:59.961263+00:00,canucks-vs.-golden-knights:-o/u-5.5,exit,long,0.390000,0.387270,-107.57,90631.71,21
2026-03-31T03:13:00.183038+00:00,will-spacex-have-between-140-159-launches-in-2026?,entry,long,0.271000,0.272897,0.00,90131.71,21
2026-03-31T03:13:00.186231+00:00,will-harvey-weinstein-be-sentenced-to-between-20-and-30-year,entry,long,0.160000,0.161120,0.00,89631.71,22
2026-03-31T03:13:00.186412+00:00,will-stripe-acquire-any-part-of-paypal-in-2026?,exit,long,0.300000,0.297900,68.90,90200.61,22
2026-03-31T03:13:00.186878+00:00,spread:-golden-knights-(-1.5),exit,long,0.250000,0.248250,-59.78,90640.84,21
2026-03-31T03:13:00.187153+00:00,mezo-fdv-above-$50m-one-day-after-launch?,exit,short,0.500000,0.503500,-7.05,91133.79,20
2026-03-31T03:13:00.187338+00:00,canucks-vs.-golden-knights:-o/u-6.5,exit,long,0.270000,0.268110,-119.65,91514.14,19
2026-03-31T03:14:59.871143+00:00,will-the-edmonton-oilers-win-the-pacific-division?,entry,long,0.120000,0.120840,0.00,91014.14,19
2026-03-31T03:14:59.874755+00:00,bitboy-convicted?,entry,short,0.512000,0.508416,0.00,90514.14,20
2026-03-31T03:14:59.875048+00:00,will-israel-conduct-military-action-in-greater-beirut-on-mar,entry,long,0.150000,0.151050,0.00,90014.14,21
2026-03-31T03:14:59.875202+00:00,will-richard-branson-be-confirmed-to-have-visited-epstein’s-,entry,long,0.190000,0.191330,0.00,89514.14,22
2026-03-31T03:14:59.875318+00:00,will-barbara-kirkmeyer-win-the-2026-colorado-governor-republ,entry,short,0.280000,0.278040,0.00,89014.14,23
2026-03-31T03:14:59.875425+00:00,will-christine-drazan-win-the-2026-oregon-governor-republica,entry,short,0.400000,0.397200,0.00,88514.14,24
2026-03-31T03:14:59.875713+00:00,canucks-vs.-golden-knights,exit,short,0.440000,0.443080,-57.75,88956.38,24
2026-03-31T03:14:59.876104+00:00,spread:-thunder-(-12.5),exit,long,0.390000,0.387270,-31.00,89425.38,23
2026-03-31T03:14:59.876286+00:00,spread:-thunder-(-14.5),exit,long,0.300000,0.297900,-51.77,89873.61,22
2026-03-31T03:14:59.876528+00:00,will-the-10-year-treasury-yield-hit-4.8%-before-2027?,exit,short,0.400000,0.402800,77.46,90451.07,21
2026-03-31T03:14:59.876711+00:00,new-york-yankees-vs.-seattle-mariners,exit,long,0.340000,0.337620,298.27,91249.34,20
2026-03-31T03:17:00.040020+00:00,spread:-lakers-(-15.5),entry,short,0.780000,0.774540,0.00,90749.34,20
2026-03-31T03:17:00.043380+00:00,will-pacifica-launch-a-token-by-september-30-2026?,entry,short,0.290000,0.287970,0.00,90249.34,21
2026-03-31T03:17:00.043623+00:00,will-tiger-woods-play-in-the-2026-masters-tournament?,entry,short,0.307000,0.304851,0.00,89749.34,22
2026-03-31T03:17:00.043882+00:00,will-eric-conroy-be-the-republican-nominee-for-oh-01?,entry,long,0.610000,0.614270,0.00,89249.34,23
2026-03-31T03:18:59.716175+00:00,will-harvey-weinstein-be-sentenced-to-between-20-and-30-year,exit,long,0.190000,0.188670,85.50,89834.83,23
2026-03-31T03:18:59.721635+00:00,bitboy-convicted?,exit,short,0.399000,0.401793,104.86,90439.69,22
2026-03-31T03:18:59.721982+00:00,will-richard-branson-be-confirmed-to-have-visited-epstein’s-,exit,long,0.170000,0.168810,-58.85,90880.84,21
2026-03-31T03:21:00.009733+00:00,us-recognizes-russian-sovereignty-over-ukraine-before-2027?,entry,long,0.150000,0.151050,0.00,90380.84,21
2026-03-31T03:21:00.013232+00:00,"ukraine-strikes-another-tanker-in-black-sea-by-march-31,-202",entry,long,0.110000,0.110770,0.00,89880.84,22
2026-03-31T03:21:00.013564+00:00,san-luis-potosi:-dan-martin-vs-marc-andrea-huesler,entry,short,0.610000,0.605730,0.00,89380.84,23
2026-03-31T03:21:00.013691+00:00,trump-declassifies-new-ufo-files-by-april-30?,entry,long,0.280000,0.281960,0.00,88880.84,24
2026-03-31T03:21:00.013805+00:00,will-milady-floor-price-reach-2-eth-before-2027?,entry,short,0.270000,0.268110,0.00,88380.84,25
2026-03-31T03:22:59.803548+00:00,"will-the-price-of-ethereum-be-above-$2,100-on-march-31?",exit,long,0.270000,0.268110,-56.26,88824.58,25
2026-03-31T03:24:59.942143+00:00,will-apple-be-the-largest-company-in-the-world-by-market-cap,entry,short,0.045000,0.044685,0.00,88324.58,25
2026-03-31T03:24:59.943175+00:00,pistons-vs.-thunder:-o/u-218.5,entry,short,0.140000,0.139020,0.00,87824.58,26
2026-03-31T03:24:59.943395+00:00,will-gavin-newsom-announce-a-presidential-run-by-december-31,exit,long,0.150000,0.148950,68.90,88393.48,26
2026-03-31T03:24:59.944380+00:00,san-luis-potosi:-dan-martin-vs-marc-andrea-huesler,exit,short,0.620000,0.624340,-15.36,88878.12,25
2026-03-31T03:26:59.628371+00:00,trump-announces-end-of-military-operations-against-iran-by-a,entry,short,0.120000,0.119160,0.00,88378.12,25
2026-03-31T03:26:59.631818+00:00,will-the-silicon-data-h100-index-(sdh100rt)-hit-$2.75-(high),entry,long,0.550000,0.553850,0.00,87878.12,26
2026-03-31T03:26:59.631990+00:00,named-storm-forms-before-hurricane-season?,entry,long,0.220000,0.221540,0.00,87378.12,27
2026-03-31T03:26:59.632111+00:00,will-cooper-flagg-win-the-2025–26-nba-rookie-of-the-year-awa,entry,long,0.250000,0.251750,0.00,86878.12,28
2026-03-31T03:29:00.110519+00:00,will-5-6-spacex-starship-launches-successfully-reach-space-i,entry,long,0.160000,0.161120,0.00,86378.12,29
2026-03-31T03:29:00.113896+00:00,cap-on-gambling-loss-deductions-repealed-before-2027?,entry,short,0.450000,0.446850,0.00,85878.12,30
2026-03-31T03:29:00.114433+00:00,spread:-bucks-(-1.5),entry,long,0.340000,0.342380,0.00,85378.12,31
2026-03-31T03:29:00.114594+00:00,will-bruno-mars-have-a-#1-hit-in-april?,entry,long,0.210000,0.211470,0.00,84878.12,32
2026-03-31T03:29:00.114895+00:00,will-consensys-ipo-by-september-30-2026?,entry,long,0.120000,0.120840,0.00,84378.12,33
2026-03-31T03:29:00.115063+00:00,will-harry-kane-record-the-most-player-of-the-match-awards-d,entry,long,0.420000,0.422940,0.00,83878.12,34
2026-03-31T03:29:00.115447+00:00,spread:-thunder-(-11.5),exit,long,0.340000,0.337620,-119.01,84259.11,34
2026-03-31T03:29:00.115965+00:00,spread:-lakers-(-15.5),exit,short,0.330000,0.332310,285.48,85044.59,33
2026-03-31T03:29:00.116217+00:00,pistons-vs.-thunder:-o/u-218.5,exit,short,0.060000,0.060420,282.69,85827.29,32
2026-03-31T03:30:59.961546+00:00,will-the-uk-designate-the-irgc-a-terrorist-organization-by-j,entry,short,0.290000,0.287970,0.00,85327.29,32
2026-03-31T03:30:59.962201+00:00,will-20-24-ships-transit-the-strait-of-hormuz-between-march-,entry,short,0.583000,0.578919,0.00,84827.29,33
2026-03-31T03:30:59.962705+00:00,will-the-ethereum-volatility-index-dip-to-70-by-april-30?,entry,long,0.100000,0.100700,0.00,84327.29,34
2026-03-31T03:30:59.962835+00:00,chicago-white-sox-vs.-miami-marlins,entry,long,0.999000,1.005993,0.00,83827.29,35
2026-03-31T03:30:59.963086+00:00,will-israel-conduct-military-action-in-greater-beirut-on-mar,exit,long,0.251000,0.249243,325.03,84652.32,35
2026-03-31T03:30:59.963319+00:00,will-apple-be-the-largest-company-in-the-world-by-market-cap,exit,short,0.051000,0.051357,-74.66,85077.66,34
2026-03-31T03:30:59.963516+00:00,trump-announces-end-of-military-operations-against-iran-by-a,exit,short,0.430000,0.433010,-1316.93,84260.74,33
2026-03-31T03:32:59.912245+00:00,spread:-ducks-(-1.5),entry,short,0.690000,0.685170,0.00,83760.74,33
2026-03-31T03:32:59.915758+00:00,"will-the-price-of-bitcoin-be-above-$70,000-on-april-1?",entry,long,0.160000,0.161120,0.00,83260.74,34
2026-03-31T03:32:59.915907+00:00,pistons-vs.-thunder:-o/u-217.5,entry,short,0.110000,0.109230,0.00,82760.74,35
2026-03-31T03:32:59.916068+00:00,will-houthi-military-action-against-saudi-arabia-occur-by-ap,entry,short,0.160000,0.158880,0.00,82260.74,36
2026-03-31T03:32:59.916267+00:00,will-india’s-2026-annual-inflation-be-between-2.25%-and-2.99,exit,short,0.060000,0.060420,367.73,83128.46,36
2026-03-31T03:35:00.073539+00:00,"will-starmer-say-""united-states""-during-the-next-prime-minis",entry,short,0.160000,0.158880,0.00,82628.46,36
2026-03-31T03:35:00.079202+00:00,"will-hyperliquid-reach-$100-by-december-31,-2026?",entry,long,0.200000,0.201400,0.00,82128.46,37
2026-03-31T03:35:00.079447+00:00,will-the-edmonton-oilers-win-the-pacific-division?,exit,long,0.100000,0.099300,-89.13,82539.34,37
2026-03-31T03:35:00.079949+00:00,will-cooper-flagg-win-the-2025–26-nba-rookie-of-the-year-awa,exit,long,0.230000,0.228390,-46.40,82992.94,36
2026-03-31T03:35:00.080226+00:00,chicago-white-sox-vs.-miami-marlins,exit,long,0.420000,0.417060,-292.71,83200.23,35
2026-03-31T03:37:20.200979+00:00,will-harvey-weinstein-be-sentenced-to-no-prison-time?,entry,short,0.200000,0.198600,0.00,82700.23,35
2026-03-31T03:37:20.204386+00:00,will-the-ethereum-volatility-index-hit-85-by-april-30?,entry,short,0.360000,0.357480,0.00,82200.23,36
2026-03-31T03:37:20.204589+00:00,will-amazon-dip-to-$168-in-april?,entry,long,0.180000,0.181260,0.00,81700.23,37
2026-03-31T03:37:20.204722+00:00,pistons-vs.-thunder:-o/u-217.5,exit,short,0.150000,0.151050,-191.43,82008.80,37
2026-03-31T03:39:00.004297+00:00,will-nike-(nke)-beat-quarterly-earnings?,entry,long,0.560000,0.563920,0.00,81508.80,37
2026-03-31T03:39:00.008313+00:00,will-mrbeast-hit-474-million-subscribers-by-march-31?,entry,short,0.680000,0.675240,0.00,81008.80,38
2026-03-31T03:39:00.008568+00:00,will-houthi-military-action-against-saudi-arabia-occur-by-ap,exit,short,0.160000,0.161120,-7.05,81501.75,38
2026-03-31T03:41:00.059059+00:00,will-the-highest-temperature-in-wellington-be-16°c-on-april-,entry,short,0.472000,0.468696,0.00,81001.75,38
2026-03-31T03:41:00.059715+00:00,will-waymo-operate-in-12-or-more-cities-on-june-30-2026?,entry,long,0.280000,0.281960,0.00,80501.75,39
2026-03-31T03:41:00.060362+00:00,will-pacifica-launch-a-token-by-september-30-2026?,exit,short,0.230000,0.231610,97.86,81099.61,39
2026-03-31T03:41:00.062803+00:00,"will-the-price-of-bitcoin-be-above-$70,000-on-april-1?",exit,long,0.140000,0.139020,-68.58,81531.03,38
2026-03-31T03:41:00.100124+00:00,will-bank-of-america-or-any-of-its-underwriting-affiliates-s,exit,long,0.151000,0.149943,-6.95,82024.07,37
2026-03-31T03:42:59.887308+00:00,will-jack-doherty-be-sentenced-to-no-prison-time?,entry,long,0.593000,0.597151,0.00,81524.07,37
2026-03-31T03:42:59.887935+00:00,will-consensys-ipo-by-september-30-2026?,exit,long,0.140000,0.139020,75.22,82099.30,37
2026-03-31T03:44:59.921693+00:00,will-'whatever's-clever!'---charlie-puth-debut-week-album-sa,entry,short,0.010000,0.009930,0.00,81599.30,37
2026-03-31T03:44:59.922253+00:00,canucks-vs.-golden-knights:-o/u-5.5,entry,short,0.690000,0.685170,0.00,81099.30,38
2026-03-31T03:44:59.922378+00:00,will-the-total-number-of-tsa-passengers-for-march-30-be-betw,entry,short,0.320000,0.317760,0.00,80599.30,39
2026-03-31T03:44:59.922472+00:00,"will-starmer-say-""united-states""-during-the-next-prime-minis",exit,short,0.170000,0.171190,-38.74,81060.56,39
2026-03-31T03:46:59.787398+00:00,"will-axiom-launch-a-token-by-december-31,-2026?",entry,short,0.280000,0.278040,0.00,80560.56,39
2026-03-31T03:46:59.787878+00:00,will-elon-musk-post-1280-1319-tweets-in-march-2026?,entry,short,0.410000,0.407130,0.00,80060.56,40
2026-03-31T03:46:59.788328+00:00,will-the-10-year-treasury-yield-hit-4.8%-before-2027?,entry,long,0.400000,0.402800,0.00,79560.56,41
2026-03-31T03:46:59.788512+00:00,new-york-yankees-vs.-seattle-mariners,entry,short,0.390000,0.387270,0.00,79060.56,42
2026-03-31T03:46:59.788649+00:00,will-amazon-dip-to-$168-in-april?,exit,long,0.220000,0.218460,102.62,79663.17,42
2026-03-31T03:48:59.877209+00:00,will-robert-f.-kennedy-jr.-leave-the-trump-administration-be,entry,short,0.250000,0.248250,0.00,79163.17,42
2026-03-31T03:48:59.878027+00:00,will-nvidia-dip-to-$164-in-march?,entry,short,0.267000,0.265131,0.00,78663.17,43
2026-03-31T03:48:59.878403+00:00,will-the-10-year-treasury-yield-hit-4.6%-before-2027?,entry,long,0.610000,0.614270,0.00,78163.17,44
2026-03-31T03:48:59.878629+00:00,will-beyond-meat-(bynd)-beat-quarterly-earnings?,entry,long,0.690000,0.694830,0.00,77663.17,45
2026-03-31T03:48:59.878867+00:00,will-there-be-exactly-1-earthquake-of-magnitude-6.5-or-highe,entry,short,0.550000,0.546150,0.00,77163.17,46
2026-03-31T03:48:59.879153+00:00,will-matt-mahan-advance-from-the-2026-california-governor-pr,entry,long,0.120000,0.120840,0.00,76663.17,47
2026-03-31T03:48:59.879365+00:00,will-5-6-spacex-starship-launches-successfully-reach-space-i,exit,long,0.140000,0.139020,-68.58,77094.59,47
2026-03-31T03:48:59.879750+00:00,will-'whatever's-clever!'---charlie-puth-debut-week-album-sa,exit,short,0.200000,0.201400,-9640.99,67953.60,46
2026-03-31T03:48:59.880089+00:00,canucks-vs.-golden-knights:-o/u-5.5,exit,short,0.870000,0.876090,-139.32,68314.28,45
2026-03-31T03:48:59.880277+00:00,will-the-total-number-of-tsa-passengers-for-march-30-be-betw,exit,short,0.510000,0.513570,-308.11,68506.17,44
2026-03-31T03:51:00.007190+00:00,bitcoin-up-or-down-on-march-31?,entry,long,0.540000,0.543780,0.00,68006.17,44
2026-03-31T03:51:00.010120+00:00,will-us-gdp-growth-in-q1-2026-be-between-3.0%-and-3.5%?,entry,short,0.200000,0.198600,0.00,67506.17,45
2026-03-31T03:51:00.010308+00:00,will-crude-oil-(cl)-hit-(high)-$105-by-end-of-march?,entry,short,0.332000,0.329676,0.00,67006.17,46
2026-03-31T03:51:00.010402+00:00,"will-the-price-of-bitcoin-be-between-$68,000-and-$70,000-on-",entry,long,0.360000,0.362520,0.00,66506.17,47
2026-03-31T03:51:00.010559+00:00,will-barbara-kirkmeyer-win-the-2026-colorado-governor-republ,exit,short,0.260000,0.261820,29.17,67035.34,47
2026-03-31T03:51:00.010934+00:00,will-the-silicon-data-h100-index-(sdh100rt)-hit-$2.75-(high),exit,long,0.500000,0.496500,-51.77,67483.56,46
2026-03-31T03:51:00.011147+00:00,"will-axiom-launch-a-token-by-december-31,-2026?",exit,short,0.260000,0.261820,29.17,68012.73,45
2026-03-31T03:51:00.011305+00:00,new-york-yankees-vs.-seattle-mariners,exit,short,0.430000,0.433010,-59.05,68453.68,44
2026-03-31T03:51:00.045693+00:00,will-a-u.s.-anti-cartel-operation-outside-of-the-united-stat,exit,short,0.300000,0.302100,-7.05,68946.63,43
2026-03-31T03:51:00.045962+00:00,will-silver-(si)-settle-at-<$75-in-march?,exit,short,0.800000,0.805600,-7.05,69439.58,42
2026-03-31T03:52:59.978654+00:00,spread:-golden-knights-(-1.5),entry,short,0.570000,0.566010,0.00,68939.58,42
2026-03-31T03:53:00.015721+00:00,"will-""the-super-mario-galaxy-movie""-opening-weekend-box-offi",exit,short,0.300000,0.302100,-7.05,69432.53,42
2026-03-31T03:57:00.375489+00:00,mezo-fdv-above-$50m-one-day-after-launch?,entry,short,0.500000,0.496500,0.00,68932.53,42
2026-03-31T03:57:00.422836+00:00,"will-daylight-launch-a-token-by-september-30,-2026?",exit,short,0.390000,0.392730,-7.05,69425.48,42
2026-03-31T03:58:59.995106+00:00,"will-spacex-file-for-an-ipo-by-april-3,-2026?",entry,long,0.290000,0.292030,0.00,68925.48,42
2026-03-31T03:58:59.995642+00:00,canucks-vs.-golden-knights:-o/u-6.5,entry,short,0.790000,0.784470,0.00,68425.48,43
2026-03-31T03:58:59.995778+00:00,trump-declassifies-new-ufo-files-by-april-30?,exit,long,0.240000,0.238320,-77.39,68848.09,43
2026-03-31T03:58:59.996149+00:00,will-us-gdp-growth-in-q1-2026-be-between-3.0%-and-3.5%?,exit,short,0.230000,0.231610,-83.11,69264.99,42
2026-03-31T04:01:00.074786+00:00,"will-titan-launch-a-token-by-june-30,-2026?",entry,short,0.180000,0.178740,0.00,68764.99,42
2026-03-31T04:03:00.166614+00:00,will-15-19-ships-transit-the-strait-of-hormuz-between-march-,entry,long,0.266000,0.267862,0.00,68264.99,43
2026-03-31T04:07:01.056973+00:00,edgex-fdv-above-$500m-one-day-after-launch?,entry,short,0.460000,0.456780,0.00,67764.99,44
2026-03-31T04:07:01.060418+00:00,over-$10m-committed-to-the-p2p-protocol-public-sale?,entry,short,0.250000,0.248250,0.00,67264.99,45
2026-03-31T04:07:01.060702+00:00,will-nathan-mackinnon-win-the-2025–2026-nhl-hart-memorial-tr,entry,long,0.310000,0.312170,0.00,66764.99,46
2026-03-31T04:07:01.060821+00:00,will-israel-conduct-military-action-in-greater-beirut-on-mar,entry,short,0.550000,0.546150,0.00,66264.99,47
2026-03-31T04:09:01.694859+00:00,spread:-lakers-(-15.5),entry,short,0.750000,0.744750,0.00,65764.99,48
2026-03-31T04:09:01.697779+00:00,will-apple-be-the-largest-company-in-the-world-by-market-cap,entry,short,0.160000,0.158880,0.00,65264.99,49
2026-03-31T04:09:01.697940+00:00,spread:-ducks-(-1.5),exit,short,0.570000,0.573990,81.13,65846.12,49
2026-03-31T04:09:01.698538+00:00,will-the-ethereum-volatility-index-hit-85-by-april-30?,exit,short,0.050000,0.050350,429.58,66775.70,48
2026-03-31T04:11:00.517878+00:00,will-kendall-qualls-win-the-2026-minnesota-governor-republic,entry,short,0.190000,0.188670,0.00,66275.70,48
2026-03-31T04:11:00.523249+00:00,will-nathalie-sinclair-desgagné-win-the-by-election-for-the-,entry,long,0.320000,0.322240,0.00,65775.70,49
2026-03-31T04:11:00.523394+00:00,will-jo-rae-perkins-be-the-republican-nominee-for-senate-in-,entry,short,0.300000,0.297900,0.00,65275.70,50
2026-03-31T04:11:00.523486+00:00,"will-gold-(gc)-settle-at-$4,200-$4,600-in-june?",exit,short,0.162000,0.163134,74.39,65850.09,50
2026-03-31T04:11:00.523829+00:00,will-tiger-woods-play-in-the-2026-masters-tournament?,exit,short,0.308000,0.310156,-8.70,66341.39,49
2026-03-31T04:13:00.810078+00:00,cleveland-guardians-vs.-los-angeles-dodgers,entry,short,0.310000,0.307830,0.00,65841.39,49
2026-03-31T04:13:00.810621+00:00,will-houthi-military-action-against-saudi-arabia-occur-by-ap,entry,short,0.160000,0.158880,0.00,65341.39,50
2026-03-31T04:13:00.810732+00:00,spread:-golden-knights-(-1.5),exit,short,0.550000,0.553850,10.74,65852.13,50
2026-03-31T04:13:00.811027+00:00,will-nathan-mackinnon-win-the-2025–2026-nhl-hart-memorial-tr,exit,long,0.410000,0.407130,152.10,66504.23,49
2026-03-31T04:13:00.811155+00:00,will-apple-be-the-largest-company-in-the-world-by-market-cap,exit,short,0.047000,0.047329,351.05,67355.28,48
2026-03-31T04:14:59.950546+00:00,will-wti-crude-oil-(wti)-hit-(high)-$140-in-april?,entry,short,0.220000,0.218460,0.00,66855.28,48
2026-03-31T04:14:59.953390+00:00,pistons-vs.-thunder:-o/u-216.5,entry,short,0.880000,0.873840,0.00,66355.28,49
2026-03-31T04:14:59.953542+00:00,will-larry-ellison-buy-the-seattle-seahawks?,entry,short,0.220000,0.218460,0.00,65855.28,50
2026-03-31T04:14:59.953633+00:00,will-ad-pasto-win-on-2026-04-11?,entry,long,0.310000,0.312170,0.00,65355.28,51
2026-03-31T04:14:59.953764+00:00,spread:-lakers-(-15.5),exit,short,0.960000,0.966720,-149.02,65706.26,51
2026-03-31T04:14:59.954126+00:00,will-kendall-qualls-win-the-2026-minnesota-governor-republic,exit,short,0.160000,0.161120,73.01,66279.27,50
2026-03-31T04:17:00.237844+00:00,will-joe-mazzulla-win-the-2025–2026-nba-coach-of-the-year?,entry,long,0.155000,0.156085,0.00,65779.27,50
2026-03-31T04:17:00.241492+00:00,will-catalina-lauf-be-the-republican-nominee-for-fl-19?,entry,short,0.500000,0.496500,0.00,65279.27,51
2026-03-31T04:17:00.241741+00:00,will-beyond-meat-(bynd)-beat-quarterly-earnings?,exit,long,0.630000,0.625590,-49.83,65729.45,51
2026-03-31T04:17:00.242692+00:00,mezo-fdv-above-$50m-one-day-after-launch?,exit,short,0.560000,0.563920,-67.90,66161.55,50
2026-03-31T04:21:08.531447+00:00,pistons-vs.-thunder:-o/u-216.5,exit,short,0.840000,0.845880,16.00,66677.55,49
2026-03-31T04:21:08.534739+00:00,will-ad-pasto-win-on-2026-04-11?,exit,long,0.410000,0.407130,152.10,67329.65,48
2026-03-31T04:23:08.763956+00:00,blues-vs.-sharks,entry,short,0.460000,0.456780,0.00,66829.65,48
2026-03-31T04:23:08.766853+00:00,will-'whatever's-clever!'---charlie-puth-debut-week-album-sa,entry,short,0.200000,0.198600,0.00,66329.65,49
2026-03-31T04:23:08.767007+00:00,unit-fdv-above-$200m-one-day-after-launch?,entry,short,0.560000,0.556080,0.00,65829.65,50
2026-03-31T04:23:08.767094+00:00,will-the-total-number-of-tsa-passengers-for-march-30-be-betw,entry,short,0.510000,0.506430,0.00,65329.65,51
2026-03-31T04:23:08.767215+00:00,kraken-ipo-closing-market-cap-above-$20b?,entry,long,0.160000,0.161120,0.00,64829.65,52
2026-03-31T04:23:08.767294+00:00,edgex-fdv-above-$500m-one-day-after-launch?,exit,short,0.380000,0.382660,81.13,65410.78,52
2026-03-31T04:23:08.767624+00:00,will-houthi-military-action-against-saudi-arabia-occur-by-ap,exit,short,0.260000,0.261820,-323.96,65586.82,51
2026-03-31T04:25:08.518301+00:00,will-milady-floor-price-reach-2-eth-before-2027?,exit,short,0.300000,0.302100,-63.39,66023.44,50
2026-03-31T04:27:08.875299+00:00,"will-axiom-launch-a-token-by-december-31,-2026?",entry,long,0.260000,0.261820,0.00,65523.44,50
2026-03-31T04:27:08.875985+00:00,will-apple-be-the-largest-company-in-the-world-by-market-cap,entry,short,0.160000,0.158880,0.00,65023.44,51
2026-03-31T04:27:08.876680+00:00,san-luis-potosi:-robin-catry-vs-beibit-zhukayev,entry,long,0.180000,0.181260,0.00,64523.44,52
2026-03-31T04:27:08.876864+00:00,"will-starmer-say-""united-states""-during-the-next-prime-minis",entry,short,0.180000,0.178740,0.00,64023.44,53
2026-03-31T04:27:08.876985+00:00,will-ninjas-in-pyjamas-qualify-to-iem-cologne-major-2026?-,entry,short,0.310000,0.307830,0.00,63523.44,54
2026-03-31T04:27:08.877087+00:00,will-amazon-dip-to-$168-in-april?,entry,long,0.150000,0.151050,0.00,63023.44,55
2026-03-31T04:27:08.877201+00:00,will-the-total-number-of-tsa-passengers-for-march-30-be-betw,exit,short,0.510000,0.513570,-7.05,63516.39,55
2026-03-31T04:29:08.693943+00:00,will-victor-wembanyama-win-the-2025–2026-nba-mvp?,entry,long,0.184000,0.185288,0.00,63016.39,55
2026-03-31T04:29:08.697263+00:00,will-beyond-meat-(bynd)-beat-quarterly-earnings?,entry,short,0.690000,0.685170,0.00,62516.39,56
2026-03-31T04:29:08.697467+00:00,will-silver-(si)-hit-(low)-$60-by-end-of-june?,entry,long,0.470000,0.473290,0.00,62016.39,57
2026-03-31T04:29:08.697568+00:00,canucks-vs.-golden-knights:-o/u-6.5,exit,short,0.540000,0.543780,153.41,62669.80,57
2026-03-31T04:31:08.174470+00:00,will-'whatever's-clever!'---charlie-puth-debut-week-album-sa,exit,short,0.010000,0.010070,474.65,63644.44,56
2026-03-31T04:31:08.175774+00:00,san-luis-potosi:-robin-catry-vs-beibit-zhukayev,exit,long,0.400000,0.397200,595.66,64740.11,55
2026-03-31T04:33:09.040639+00:00,"will-clavicular-cry-on-stream-by-may-1,-2026",entry,short,0.190000,0.188670,0.00,64240.11,55
2026-03-31T04:33:09.043629+00:00,will-the-highest-temperature-in-wellington-be-16°c-on-april-,exit,short,0.379000,0.381653,92.86,64832.96,55
2026-03-31T04:33:09.045539+00:00,will-15-19-ships-transit-the-strait-of-hormuz-between-march-,exit,long,0.205000,0.203565,-120.02,65212.94,54
2026-03-31T04:33:09.045743+00:00,will-apple-be-the-largest-company-in-the-world-by-market-cap,exit,short,0.160000,0.161120,-7.05,65705.89,53
2026-03-31T04:35:09.143442+00:00,blues-vs.-sharks,exit,short,0.020000,0.020140,477.95,66683.85,52
2026-03-31T04:35:09.149899+00:00,will-mallory-mcmorrow-win-the-2026-michigan-democratic-prima,entry,long,0.500000,0.503500,0.00,66183.85,52
2026-03-31T04:35:09.150040+00:00,cap-on-gambling-loss-deductions-repealed-before-2027?,exit,short,0.300000,0.302100,161.97,66845.82,52
2026-03-31T04:35:09.150234+00:00,will-the-ethereum-volatility-index-dip-to-70-by-april-30?,exit,long,0.120000,0.119160,91.66,67437.47,51
2026-03-31T04:35:09.150408+00:00,will-larry-ellison-buy-the-seattle-seahawks?,exit,short,0.300000,0.302100,-191.43,67746.04,50
2026-03-31T04:35:09.150562+00:00,will-ninjas-in-pyjamas-qualify-to-iem-cologne-major-2026?-,exit,short,0.340000,0.342380,-56.12,68189.93,49
2026-03-31T04:37:09.136430+00:00,will-silver-(si)-settle-over-$85-on-the-final-trading-day-of,entry,short,0.310000,0.307830,0.00,67689.93,49
2026-03-31T04:37:09.142589+00:00,will-victor-wembanyama-win-the-2025–2026-nba-mvp?,exit,long,0.148000,0.146964,-103.42,68086.51,49
2026-03-31T04:39:09.408811+00:00,will-fidesz-kdnp-win-at-least-90-seats?,entry,short,0.320000,0.317760,0.00,67586.51,49
2026-03-31T04:39:09.414150+00:00,will-annual-inflation-increase-by-3.2%-in-march?,entry,long,0.140000,0.140980,0.00,67086.51,50
2026-03-31T04:39:09.414434+00:00,maple-leafs-vs.-ducks,entry,short,0.820000,0.814260,0.00,66586.51,51
2026-03-31T04:39:09.414535+00:00,will-genter-drummond-win-the-2026-oklahoma-governor-republic,entry,long,0.270000,0.271890,0.00,66086.51,52
2026-03-31T04:41:09.090005+00:00,will-son-heung-min-win-2026-mls-most-valuable-player?,entry,long,0.120000,0.120840,0.00,65586.51,53
2026-03-31T04:43:09.045990+00:00,will-crude-oil-(cl)-settle-at-$90+-in-march?,entry,short,0.802000,0.796386,0.00,65086.51,54
2026-03-31T04:43:09.046936+00:00,will-shai-gilgeous-alexander-win-the-2025–2026-nba-mvp?,entry,short,0.760000,0.754680,0.00,64586.51,55
2026-03-31T04:43:09.047079+00:00,"will-spacex-file-for-an-ipo-by-april-3,-2026?",exit,long,0.260000,0.258180,-57.96,65028.55,55
2026-03-31T04:43:09.048069+00:00,will-amazon-dip-to-$168-in-april?,exit,long,0.220000,0.218460,223.14,65751.69,54
2026-03-31T04:43:09.048256+00:00,maple-leafs-vs.-ducks,exit,short,0.430000,0.433010,234.11,66485.80,53
2026-03-31T04:45:09.094518+00:00,will-cooper-flagg-win-the-2025–26-nba-rookie-of-the-year-awa,entry,short,0.230000,0.228390,0.00,65985.80,53
2026-03-31T04:45:09.095357+00:00,gta-6-launch-postponed-again?,entry,short,0.350000,0.347550,0.00,65485.80,54
2026-03-31T04:45:09.095482+00:00,"will-ethereum-reach-$2,300-march-30-april-5?",entry,long,0.140000,0.140980,0.00,64985.80,55
2026-03-31T04:45:09.095567+00:00,"military-action-against-iran-ends-by-april-15,-2026?",entry,short,0.200000,0.198600,0.00,64485.80,56
2026-03-31T04:45:09.095656+00:00,will-israel-conduct-military-action-in-greater-beirut-on-mar,exit,short,0.301000,0.303107,222.51,65208.30,56
2026-03-31T04:45:09.096110+00:00,"will-starmer-say-""united-states""-during-the-next-prime-minis",exit,short,0.190000,0.191330,-35.22,65673.08,55
2026-03-31T04:47:09.065730+00:00,will-nathan-mackinnon-win-the-2025–2026-nhl-hart-memorial-tr,entry,short,0.410000,0.407130,0.00,65173.08,55
2026-03-31T04:47:09.068694+00:00,"will-gold-(gc)-hit-(high)-$7,000-by-end-of-december?",entry,long,0.190000,0.191330,0.00,64673.08,56
2026-03-31T04:47:09.068926+00:00,will-joe-mazzulla-win-the-2025–2026-nba-coach-of-the-year?,exit,long,0.181000,0.179733,75.75,65248.84,56
2026-03-31T04:51:09.026534+00:00,will-kendall-qualls-win-the-2026-minnesota-governor-republic,entry,long,0.160000,0.161120,0.00,64748.84,56
2026-03-31T04:51:09.029632+00:00,"will-india-strike-pakistan-by-december-31,-2026?",entry,long,0.340000,0.342380,0.00,64248.84,57
2026-03-31T04:51:09.029774+00:00,will-tiger-woods-play-in-the-2026-masters-tournament?,entry,short,0.308000,0.305844,0.00,63748.84,58
2026-03-31T04:55:09.101994+00:00,will-the-silicon-data-h100-index-(sdh100rt)-hit-$2.75-(high),entry,short,0.640000,0.635520,0.00,63248.84,59
2026-03-31T04:55:09.107498+00:00,will-harry-kane-record-the-most-player-of-the-match-awards-d,exit,long,0.500000,0.496500,86.96,63835.80,59
2026-03-31T04:55:09.108049+00:00,will-harvey-weinstein-be-sentenced-to-no-prison-time?,exit,short,0.230000,0.231610,-83.11,64252.69,58
2026-03-31T04:55:09.108229+00:00,"will-gold-(gc)-hit-(high)-$7,000-by-end-of-december?",exit,long,0.190000,0.188670,-6.95,64745.74,57
2026-03-31T04:57:09.410519+00:00,trump-announces-end-of-military-operations-against-iran-by-a,entry,short,0.420000,0.417060,0.00,64245.74,57
2026-03-31T04:57:09.413984+00:00,ledger-ipo-before-2027?,entry,long,0.410000,0.412870,0.00,63745.74,58
2026-03-31T04:57:09.414158+00:00,will-the-los-angeles-kings-make-the-nhl-playoffs?,entry,long,0.270000,0.271890,0.00,63245.74,59
2026-03-31T04:59:09.195054+00:00,will-the-ethereum-volatility-index-hit-85-by-april-30?,entry,short,0.250000,0.248250,0.00,62745.74,60
2026-03-31T05:01:08.406544+00:00,remote-ipo-before-2027?,entry,long,0.260000,0.261820,0.00,62245.74,61
2026-03-31T05:01:08.409519+00:00,kash-patel-out-by-june-30?,entry,short,0.250000,0.248250,0.00,61745.74,62
2026-03-31T05:03:09.038173+00:00,"will-bitcoin-dip-to-$62,000-march-30-april-5?",entry,short,0.200000,0.198600,0.00,61245.74,63
2026-03-31T05:03:09.038510+00:00,"will-""the-super-mario-galaxy-movie""-opening-weekend-box-offi",entry,short,0.300000,0.297900,0.00,60745.74,64
2026-03-31T05:03:09.038742+00:00,israel-military-action-against-fordow-nuclear-facility-by-ap,entry,short,0.210000,0.208530,0.00,60245.74,65
2026-03-31T05:03:09.038888+00:00,will-a-u.s.-anti-cartel-operation-outside-of-the-united-stat,entry,short,0.300000,0.297900,0.00,59745.74,66
2026-03-31T05:03:09.038988+00:00,bitcoin-up-or-down-on-march-31?,exit,long,0.450000,0.446850,-89.13,60156.62,66
2026-03-31T05:03:09.041051+00:00,trump-announces-end-of-military-operations-against-iran-by-a,exit,short,0.420000,0.422940,-7.05,60649.57,65
2026-03-31T05:05:09.528942+00:00,will-gas-hit-(high)-$4.00-by-march-31?,entry,long,0.330000,0.332310,0.00,60149.57,65
2026-03-31T05:05:09.529251+00:00,will-the-fed-pause–pause–pause-in-the-next-three-decisions-(,entry,long,0.820000,0.825740,0.00,59649.57,66
2026-03-31T05:05:09.529508+00:00,"will-the-price-of-bitcoin-be-between-$68,000-and-$70,000-on-",exit,long,0.330000,0.327690,-48.04,60101.53,66
2026-03-31T05:05:09.529771+00:00,will-jo-rae-perkins-be-the-republican-nominee-for-senate-in-,exit,short,0.320000,0.322240,-40.85,60560.68,65
